,Staat,FIFA code,Konföderation,Country,IOC code,ISO code
0,Afghanistan,AFG,AFC,Afghanistan,AFG,AFG
1,Ägypten,EGY,CAF,Egypt,EGY,EGY
2,Albanien,ALB,UEFA,Albania,ALB,ALB
3,Algerien,ALG,CAF,Algeria,ALG,DZA
4,Amerikanisch-Samoa,ASA,OFC,American Samoa,ASA,ASM
5,Andorra,AND,UEFA,Andorra,AND,AND
6,Angola,ANG,CAF,Angola,ANG,AGO
7,Anguilla,AIA,CONCACAF,Anguilla,,AIA
8,Antigua und Barbuda,ATG,CONCACAF,Antigua and Barbuda,ANT,ATG
9,Äquatorialguinea,EQG,CAF,Equatorial Guinea,GEQ,GNQ
10,Argentinien,ARG,CONMEBOL,Argentina,ARG,ARG
11,Armenien,ARM,UEFA,Armenia,ARM,ARM
12,Aruba,ARU,CONCACAF,Aruba,ARU,ABW
13,Aserbaidschan,AZE,UEFA,Azerbaijan,AZE,AZE
14,Äthiopien,ETH,CAF,Ethiopia,ETH,ETH
15,Australien,AUS,AFC,Australia,AUS,AUS
16,Bahamas,BAH,CONCACAF,The Bahamas,BAH,BHS
17,Bahrain,BHR,AFC,Bahrain,BRN,BHR
18,Bangladesch,BAN,AFC,Bangladesh,BAN,BGD
19,Barbados,BRB,CONCACAF,Barbados,BAR,BRB
20,Belarus,BLR,UEFA,Belarus,BLR,BLR
21,Belgien,BEL,UEFA,Belgium,BEL,BEL
22,Belize,BLZ,CONCACAF,Belize,BIZ,BLZ
23,Benin,BEN,CAF,Benin,BEN,BEN
24,Bermuda,BER,CONCACAF,Bermuda,BER,BMU
25,Bhutan,BHU,AFC,Bhutan,BHU,BTN
26,Bolivien,BOL,CONMEBOL,Bolivia,BOL,BOL
27,Bosnien und Herzegowina,BIH,UEFA,Bosnia and Herzegovina,BIH,BIH
28,Botswana,BOT,CAF,Botswana,BOT,BWA
29,Brasilien,BRA,CONMEBOL,Brazil,BRA,BRA
30,Brunei Darussalam,BRU,AFC,Brunei,BRU,BRN
31,Bulgarien,BUL,UEFA,Bulgaria,BUL,BGR
32,Burkina Faso,BFA,CAF,Burkina Faso,BUR,BFA
33,Burundi,BDI,CAF,Burundi,BDI,BDI
34,Cayman Islands,CAY,CONCACAF,Cayman Islands,CAY,CYM
35,Chile,CHI,CONMEBOL,Chile,CHI,CHL
36,VR China,CHN,AFC,People's Republic of China,CHN,CHN
37,Cook-Inseln,COK,OFC,Cook Islands,COK,COK
38,Costa Rica,CRC,CONCACAF,Costa Rica,CRC,CRI
39,Curaçao,CUW,CONCACAF,Curaçao,,CUW
40,Dänemark,DEN,UEFA,Denmark,DEN,DNK
41,Deutschland,GER,UEFA,Germany,GER,DEU
42,Dominica,DMA,CONCACAF,Dominica,DMA,DMA
43,Dominikanische Republik,DOM,CONCACAF,Dominican Republic,DOM,DOM
44,Dschibuti,DJI,CAF,Djibouti,DJI,DJI
45,Ecuador,ECU,CONMEBOL,Ecuador,ECU,ECU
46,El Salvador,SLV,CONCACAF,El Salvador,ESA,SLV
47,Elfenbeinküste,CIV,CAF,Côte d'Ivoire,CIV,CIV
48,England,ENG,UEFA,England,,
49,Eritrea,ERI,CAF,Eritrea,ERI,ERI
50,Estland,EST,UEFA,Estonia,EST,EST
51,Eswatini,SWZ,CAF,Eswatini,SWZ,SWZ
52,Färöer,FRO,UEFA,Faroe Islands,,FRO
53,Fidschi,FIJ,OFC,Fiji,FIJ,FJI
54,Finnland,FIN,UEFA,Finland,FIN,FIN
55,Frankreich,FRA,UEFA,France,FRA,FRA
56,Gabun,GAB,CAF,Gabon,GAB,GAB
57,Gambia,GAM,CAF,The Gambia,GAM,GMB
58,Georgien,GEO,UEFA,Georgia (country),GEO,GEO
59,Ghana,GHA,CAF,Ghana,GHA,GHA
60,Gibraltar,GIB,UEFA,Gibraltar,,GIB
61,Grenada,GRN,CONCACAF,Grenada,GRN,GRD
62,Griechenland,GRE,UEFA,Greece,GRE,GRC
63,Guam,GUM,AFC,Guam,GUM,GUM
64,Guatemala,GUA,CONCACAF,Guatemala,GUA,GTM
65,Guyana,GUY,CONCACAF,Guyana,GUY,GUY
66,Guinea,GUI,CAF,Guinea,GUI,GIN
67,Guinea-Bissau,GNB,CAF,Guinea-Bissau,GBS,GNB
68,Haiti,HAI,CONCACAF,Haiti,HAI,HTI
69,Honduras,HON,CONCACAF,Honduras,HON,HND
70,Hongkong,HKG,AFC,Hong Kong,HKG,HKG
71,Indien,IND,AFC,India,IND,IND
72,Indonesien,IDN,AFC,Indonesia,INA,IDN
73,Irak,IRQ,AFC,Iraq,IRQ,IRQ
74,Iran,IRN,AFC,Iran,IRI,IRN
75,Irland,IRL,UEFA,Republic of Ireland,IRL,IRL
76,Island,ISL,UEFA,Iceland,ISL,ISL
77,Israel,ISR,UEFA,Israel,ISR,ISR
78,Italien,ITA,UEFA,Italy,ITA,ITA
79,Jamaika,JAM,CONCACAF,Jamaica,JAM,JAM
80,Japan,JPN,AFC,Japan,JPN,JPN
81,Jemen,YEM,AFC,Yemen,YEM,YEM
82,Jordanien,JOR,AFC,Jordan,JOR,JOR
83,Amerikanische Jungferninseln,VIR,CONCACAF,United States Virgin Islands,ISV,VIR
84,Britische Jungferninseln,VGB,CONCACAF,British Virgin Islands,IVB,VGB
85,Kambodscha,CAM,AFC,Cambodia,CAM,KHM
86,Kamerun,CMR,CAF,Cameroon,CMR,CMR
87,Kanada,CAN,CONCACAF,Canada,CAN,CAN
88,Kap Verde,CPV,CAF,Cape Verde,CPV,CPV
89,Kasachstan,KAZ,UEFA,Kazakhstan,KAZ,KAZ
90,Katar,QAT,AFC,Qatar,QAT,QAT
91,Kenia,KEN,CAF,Kenya,KEN,KEN
92,Kirgisistan,KGZ,AFC,Kyrgyzstan,KGZ,KGZ
93,Kolumbien,COL,CONMEBOL,Colombia,COL,COL
94,Komoren,COM,CAF,Comoros,COM,COM
95,Kosovo,KOS,UEFA,Kosovo,KOS,
96,Demokratische Republik Kongo,COD,CAF,Democratic Republic of the Congo,COD,COD
97,Republik Kongo,CGO,CAF,Republic of the Congo,CGO,COG
98,Nordkorea,PRK,AFC,North Korea,PRK,PRK
99,Südkorea,KOR,AFC,South Korea,KOR,KOR
100,Kroatien,CRO,UEFA,Croatia,CRO,HRV
101,Kuba,CUB,CONCACAF,Cuba,CUB,CUB
102,Kuwait,KUW,AFC,Kuwait,KUW,KWT
103,Laos,LAO,AFC,Laos,LAO,LAO
104,Lesotho,LES,CAF,Lesotho,LES,LSO
105,Lettland,LVA,UEFA,Latvia,LAT,LVA
106,Libanon,LBN,AFC,Lebanon,LBN,LBN
107,Liberia,LBR,CAF,Liberia,LBR,LBR
108,Libyen,LBY,CAF,Libya,LBA,LBY
109,Liechtenstein,LIE,UEFA,Liechtenstein,LIE,LIE
110,Litauen,LTU,UEFA,Lithuania,LTU,LTU
111,Luxemburg,LUX,UEFA,Luxembourg,LUX,LUX
112,Macau,MAC,AFC,Macau,,MAC
113,Madagaskar,MAD,CAF,Madagascar,MAD,MDG
114,Malawi,MWI,CAF,Malawi,MAW,MWI
115,Malaysia,MAS,AFC,Malaysia,MAS,MYS
116,Malediven,MDV,AFC,Maldives,MDV,MDV
117,Mali,MLI,CAF,Mali,MLI,MLI
118,Malta,MLT,UEFA,Malta,MLT,MLT
119,Marokko,MAR,CAF,Morocco,MAR,MAR
120,Mauretanien,MTN,CAF,Mauritania,MTN,MRT
121,Mauritius,MRI,CAF,Mauritius,MRI,MUS
122,Mexiko,MEX,CONCACAF,Mexico,MEX,MEX
123,Moldau,MDA,UEFA,Moldova,MDA,MDA
124,Mongolei,MNG,AFC,Mongolia,MGL,MNG
125,Montenegro,MNE,UEFA,Montenegro,MNE,MNE
126,Montserrat,MSR,CONCACAF,Montserrat,,MSR
127,Mosambik,MOZ,CAF,Mozambique,MOZ,MOZ
128,Myanmar,MYA,AFC,Myanmar,MYA,MMR
129,Namibia,NAM,CAF,Namibia,NAM,NAM
130,Nepal,NEP,AFC,Nepal,NEP,NPL
131,Neukaledonien,NCL,OFC,New Caledonia,,NCL
132,Neuseeland,NZL,OFC,New Zealand,NZL,NZL
133,Nicaragua,NCA,CONCACAF,Nicaragua,NCA,NIC
134,Niederlande,NED,UEFA,Netherlands,NED,NLD
135,Niger,NIG,CAF,Niger,NIG,NER
136,Nigeria,NGA,CAF,Nigeria,NGR,NGA
137,Nordirland,NIR,UEFA,Northern Ireland,,
138,Nordmazedonien,MKD,UEFA,North Macedonia,MKD,MKD
139,Norwegen,NOR,UEFA,Norway,NOR,NOR
140,Oman,OMA,AFC,Oman,OMA,OMN
141,Österreich,AUT,UEFA,Austria,AUT,AUT
142,Osttimor,TLS,AFC,East Timor,TLS,TLS
143,Pakistan,PAK,AFC,Pakistan,PAK,PAK
144,Palästina,PLE,AFC,State of Palestine,PLE,PSE
145,Panama,PAN,CONCACAF,Panama,PAN,PAN
146,Papua-Neuguinea,PNG,OFC,Papua New Guinea,PNG,PNG
147,Paraguay,PAR,CONMEBOL,Paraguay,PAR,PRY
148,Peru,PER,CONMEBOL,Peru,PER,PER
149,Philippinen,PHI,AFC,Philippines,PHI,PHL
150,Polen,POL,UEFA,Poland,POL,POL
151,Portugal,POR,UEFA,Portugal,POR,PRT
152,Puerto Rico,PUR,CONCACAF,Puerto Rico,PUR,PRI
153,Ruanda,RWA,CAF,Rwanda,RWA,RWA
154,Rumänien,ROU,UEFA,Romania,ROU,ROU
155,Russland,RUS,UEFA,Russia,RUS,RUS
156,Saint Kitts und Nevis,SKN,CONCACAF,Saint Kitts and Nevis,SKN,KNA
157,Saint Lucia,LCA,CONCACAF,Saint Lucia,LCA,LCA
158,Saint Vincent und die Grenadinen,VIN,CONCACAF,Saint Vincent and the Grenadines,VIN,VCT
159,Salomonen,SOL,OFC,Solomon Islands,SOL,SLB
160,Sambia,ZAM,CAF,Zambia,ZAM,ZMB
161,Samoa,SAM,OFC,Samoa,SAM,WSM
162,San Marino,SMR,UEFA,San Marino,SMR,SMR
163,São Tomé und Príncipe,STP,CAF,São Tomé and Príncipe,STP,STP
164,Saudi-Arabien,KSA,AFC,Saudi Arabia,KSA,SAU
165,Schottland,SCO,UEFA,Scotland,,
166,Schweden,SWE,UEFA,Sweden,SWE,SWE
167,Schweiz,SUI,UEFA,Switzerland,SUI,CHE
168,Senegal,SEN,CAF,Senegal,SEN,SEN
169,Serbien,SRB,UEFA,Serbia,SRB,SRB
170,Seychellen,SEY,CAF,Seychelles,SEY,SYC
171,Sierra Leone,SLE,CAF,Sierra Leone,SLE,SLE
172,Simbabwe,ZIM,CAF,Zimbabwe,ZIM,ZWE
173,Slowakei,SVK,UEFA,Slovakia,SVK,SVK
174,Slowenien,SVN,UEFA,Slovenia,SLO,SVN
175,Somalia,SOM,CAF,Somalia,SOM,SOM
176,Spanien,ESP,UEFA,Spain,ESP,ESP
177,Sri Lanka,SRI,AFC,Sri Lanka,SRI,LKA
178,Südafrika,RSA,CAF,South Africa,RSA,ZAF
179,Sudan,SDN,CAF,Sudan,SUD,SDN
180,Südsudan,SSD,CAF,South Sudan,SSD,SSD
181,Suriname,SUR,CONCACAF,Suriname,SUR,SUR
182,Syrien,SYR,AFC,Syria,SYR,SYR
183,Tadschikistan,TJK,AFC,Tajikistan,TJK,TJK
184,Tahiti,TAH,OFC,French Polynesia,,PYF
185,Taiwan,TPE,AFC,Taiwan,TPE,TWN
186,Tansania,TAN,CAF,Tanzania,TAN,TZA
187,Thailand,THA,AFC,Thailand,THA,THA
188,Togo,TOG,CAF,Togo,TOG,TGO
189,Tonga,TGA,OFC,Tonga,TGA,TON
190,Trinidad und Tobago,TRI,CONCACAF,Trinidad and Tobago,TTO,TTO
191,Tschad,CHA,CAF,Chad,CHA,TCD
192,Tschechien,CZE,UEFA,Czech Republic,CZE,CZE
193,Tunesien,TUN,CAF,Tunisia,TUN,TUN
194,Türkei,TUR,UEFA,Turkey,TUR,TUR
195,Turkmenistan,TKM,AFC,Turkmenistan,TKM,TKM
196,Turks- und Caicosinseln,TCA,CONCACAF,Turks and Caicos Islands,,TCA
197,Uganda,UGA,CAF,Uganda,UGA,UGA
198,Ukraine,UKR,UEFA,Ukraine,UKR,UKR
199,Ungarn,HUN,UEFA,Hungary,HUN,HUN
200,Uruguay,URU,CONMEBOL,Uruguay,URU,URY
201,Usbekistan,UZB,AFC,Uzbekistan,UZB,UZB
202,Vanuatu,VAN,OFC,Vanuatu,VAN,VUT
203,Venezuela,VEN,CONMEBOL,Venezuela,VEN,VEN
204,Vereinigte Arabische Emirate,UAE,AFC,United Arab Emirates,UAE,ARE
205,Vereinigte Staaten,USA,CONCACAF,United States,USA,USA
206,Vietnam,VIE,AFC,Vietnam,VIE,VNM
207,Wales,WAL,UEFA,Wales,,
208,Zentralafrikanische Republik,CTA,CAF,Central African Republic,CAF,CAF
209,Zypern,CYP,UEFA,Cyprus,CYP,CYP
